"question_id","question_text","question_link","vote_count","views","answers"
"70950511","Using Poetry with PyEnv and having Python version issues","https://stackoverflow.com/questions/70950511/using-poetry-with-pyenv-and-having-python-version-issues","0","6","0"
"70950510","How can I change my sql statement to replace null with 0?","https://stackoverflow.com/questions/70950510/how-can-i-change-my-sql-statement-to-replace-null-with-0","0","14","0"
"70950508","How To push multiple Json Data in one Array in reactjs?","https://stackoverflow.com/questions/70950508/how-to-push-multiple-json-data-in-one-array-in-reactjs","0","15","0"
"70950507","Remove google's markers from googlemapsflutter","https://stackoverflow.com/questions/70950507/remove-googles-markers-from-google-maps-flutter","0","6","0"
"70950504","how to return values from a Laravel Sever to React with inertiajs?","https://stackoverflow.com/questions/70950504/how-to-return-values-from-a-laravel-sever-to-react-with-inertiajs","0","4","0"
"70950502","Trying to make it so function main recognizes specific integers when calling upon function problemsolving","https://stackoverflow.com/questions/70950502/trying-to-make-it-so-function-main-recognizes-specific-integers-when-calling-u","0","5","0"
"70950501","I cannot understand this error in Pymongo","https://stackoverflow.com/questions/70950501/i-cannot-understand-this-error-in-pymongo","0","5","0"
"70950499","Facebook Graph API Request for only todays photos","https://stackoverflow.com/questions/70950499/facebook-graph-api-request-for-only-todays-photos","0","4","0"
"70950494","Toggle slide fade out slide fade back in with CSS Keyframes and React","https://stackoverflow.com/questions/70950494/toggle-slide-fade-out-slide-fade-back-in-with-css-keyframes-and-react","0","12","0"
"70950493","""This wastes RAM and hurts startup performance"" warning in Flutter","https://stackoverflow.com/questions/70950493/this-wastes-ram-and-hurts-startup-performance-warning-in-flutter","1","5","0"
"70950491","Coupon Code exiry Validator app in spring boot","https://stackoverflow.com/questions/70950491/coupon-code-exiry-validator-app-in-spring-boot","0","3","0"
"70950490","Change Thumbnail Image depending on category","https://stackoverflow.com/questions/70950490/change-thumbnail-image-depending-on-category","0","4","0"
"70950488","How to return a specific type of object property in TypeScript?","https://stackoverflow.com/questions/70950488/how-to-return-a-specific-type-of-object-property-in-typescript","0","7","1"
"70950486","Secure client side env variables in Next JS","https://stackoverflow.com/questions/70950486/secure-client-side-env-variables-in-next-js","0","4","0"
"70950483","Correct rawhex key format for SQLCipher via Python","https://stackoverflow.com/questions/70950483/correct-raw-hex-key-format-for-sqlcipher-via-python","0","7","0"
"70950537","How to monitor ECS tasks which are not registered on ELB?","https://stackoverflow.com/questions/70950537/how-to-monitor-ecs-tasks-which-are-not-registered-on-elb","0","4","0"
"70950536","golang git  Is there a way to pull latest from remote branch if the repo is already cloned rather than cloning it again","https://stackoverflow.com/questions/70950536/golang-git-is-there-a-way-to-pull-latest-from-remote-branch-if-the-repo-is-alr","0","3","0"
"70950535","Plot single state choropleth map in plotlyhow to index geojson","https://stackoverflow.com/questions/70950535/plot-single-state-choropleth-map-in-plotly-how-to-index-geojson","0","6","0"
"70950533","How to shift columns in pandas df left based on value in another column?","https://stackoverflow.com/questions/70950533/how-to-shift-columns-in-pandas-df-left-based-on-value-in-another-column","0","10","0"
"70950532","Callback in iOS application in offline mode","https://stackoverflow.com/questions/70950532/callback-in-ios-application-in-offline-mode","0","7","0"
"70950531","How to show exact number in Numeric Range Natie Filter in Superset","https://stackoverflow.com/questions/70950531/how-to-show-exact-number-in-numeric-range-natie-filter-in-superset","0","3","0"
"70950527","Take the formula from the adjacent cell and slightly alter it","https://stackoverflow.com/questions/70950527/take-the-formula-from-the-adjacent-cell-and-slightly-alter-it","0","7","0"
"70950525","mysql slow log file turn off binary columns","https://stackoverflow.com/questions/70950525/mysql-slow-log-file-turn-off-binary-columns","0","3","0"
"70950523","Python pysimplegui problem with running multiple scripts with different strings","https://stackoverflow.com/questions/70950523/python-pysimplegui-problem-with-running-multiple-scripts-with-different-strings","0","6","0"
"70950519","typehead to get the refreshed list of data from the database in python django","https://stackoverflow.com/questions/70950519/typehead-to-get-the-refreshed-list-of-data-from-the-database-in-python-django","0","5","0"
"70950516","Overriding 'nthchild' CSS property from the markup","https://stackoverflow.com/questions/70950516/overriding-nth-child-css-property-from-the-markup","0","11","0"
"70950515","image classification problem found  i need help about this","https://stackoverflow.com/questions/70950515/image-classification-problem-found-i-need-help-about-this","0","5","0"
"70950513","Sql Server 2019 Installation In Windows 11","https://stackoverflow.com/questions/70950513/sql-server-2019-installation-in-windows-11","0","6","0"
"70950511","Using Poetry with PyEnv and having Python version issues","https://stackoverflow.com/questions/70950511/using-poetry-with-pyenv-and-having-python-version-issues","0","6","0"
"70950510","How can I change my sql statement to replace null with 0?","https://stackoverflow.com/questions/70950510/how-can-i-change-my-sql-statement-to-replace-null-with-0","0","14","0"
"70950455","Firebase ListView Not Ordered In Flutter","https://stackoverflow.com/questions/70950455/firebase-listview-not-ordered-in-flutter","0","6","0"
"70950453","How can I display a set of data from 2 Database tables? Winforms","https://stackoverflow.com/questions/70950453/how-can-i-display-a-set-of-data-from-2-database-tables-winforms","0","8","0"
"70950452","UpdateOneModel with Upsert  error id Mongodb C MongoDBDriver","https://stackoverflow.com/questions/70950452/updateonemodel-with-upsert-error-id-mongodb-c-sharp-mongodb-driver","0","6","0"
"70950451","set editing always first one on object nested array mongodb nodejs","https://stackoverflow.com/questions/70950451/set-editing-always-first-one-on-object-nested-array-mongodb-nodejs","0","4","0"
"70950449","AttributeError 'numpyfloat64' object has no attribute 'split'","https://stackoverflow.com/questions/70950449/attributeerror-numpy-float64-object-has-no-attribute-split","0","16","1"
"70950448","React Component keeps rerenderingreloading","https://stackoverflow.com/questions/70950448/react-component-keeps-re-rendering-reloading","0","13","0"
"70950447","How to plot several dataframes","https://stackoverflow.com/questions/70950447/how-to-plot-several-dataframes","0","5","0"
"70950446","Save all items of an array to a Firestore array","https://stackoverflow.com/questions/70950446/save-all-items-of-an-array-to-a-firestore-array","0","7","1"
"70950445","home page will not open from other pages?","https://stackoverflow.com/questions/70950445/home-page-will-not-open-from-other-pages","0","10","0"
"70950444","getting p value for features in SVM  decision tree and random forest?","https://stackoverflow.com/questions/70950444/getting-p-value-for-features-in-svm-decision-tree-and-random-forest","0","3","0"
"70950440","Vite + Vue Router  Dynamic Imports","https://stackoverflow.com/questions/70950440/vite-vue-router-dynamic-imports","0","7","0"
"70950435","scikitlearn not showing up on Location","https://stackoverflow.com/questions/70950435/scikit-learn-not-showing-up-on-location","0","7","0"
"70950433","Flutter Circular Progress Indicator","https://stackoverflow.com/questions/70950433/flutter-circular-progress-indicator","0","8","0"
"70950432","cannot be loaded because running scripts is disabled on this systemreactjs","https://stackoverflow.com/questions/70950432/cannot-be-loaded-because-running-scripts-is-disabled-on-this-systemreactjs","0","6","0"
"70950429","How to apply Styles in TCustomControl descendant control","https://stackoverflow.com/questions/70950429/how-to-apply-styles-in-tcustomcontrol-descendant-control","0","5","0"
"70950566","Issue synchronizing multiple countdown timers with Python Tkinter","https://stackoverflow.com/questions/70950566/issue-synchronizing-multiple-countdown-timers-with-python-tkinter","0","2","0"
"70950565","git remote add clarification","https://stackoverflow.com/questions/70950565/git-remote-add-clarification","0","2","0"
"70950564","Data Retention for External table in Snowflake using S3 Staging","https://stackoverflow.com/questions/70950564/data-retention-for-external-table-in-snowflake-using-s3-staging","0","2","0"
"70950561","Your branch and 'originfeature' have diverged and have 47 and 42 different commits each respectively","https://stackoverflow.com/questions/70950561/your-branch-and-origin-feature-have-diverged-and-have-47-and-42-different-com","0","2","0"
"70950559","I am trying to train a model but not working because a batchsize error in Google Colab","https://stackoverflow.com/questions/70950559/i-am-trying-to-train-a-model-but-not-working-because-a-batch-size-error-in-googl","0","5","0"
"70950558","What is wrong with this function that is supposed to find the multiplicative persistance of a number?","https://stackoverflow.com/questions/70950558/what-is-wrong-with-this-function-that-is-supposed-to-find-the-multiplicative-per","-2","7","0"
"70950557","background color doesn´t stay responsive","https://stackoverflow.com/questions/70950557/background-color-doesn%c2%b4t-stay-responsive","0","7","0"
"70950555","Server side acoustic echo cancellation","https://stackoverflow.com/questions/70950555/server-side-acoustic-echo-cancellation","0","3","0"
"70950554","Convert vertical table to horizontal in oracle","https://stackoverflow.com/questions/70950554/convert-vertical-table-to-horizontal-in-oracle","0","4","0"
"70950553","how to start remaining text from new page in turnjs?","https://stackoverflow.com/questions/70950553/how-to-start-remaining-text-from-new-page-in-turn-js","0","5","0"
"70950552","How to disable modify this service role when create codebuild via CDK?","https://stackoverflow.com/questions/70950552/how-to-disable-modify-this-service-role-when-create-codebuild-via-cdk","0","4","0"
"70950548","Laravel 8 insert data to multiple connected tables","https://stackoverflow.com/questions/70950548/laravel-8-insert-data-to-multiple-connected-tables","0","4","0"
"70950547","At what scale should I consider Kinesis over SQS","https://stackoverflow.com/questions/70950547/at-what-scale-should-i-consider-kinesis-over-sqs","0","3","0"
"70950545","Having Trouble Clicking in Date Field with Selenium","https://stackoverflow.com/questions/70950545/having-trouble-clicking-in-date-field-with-selenium","0","3","0"
"70950544","Relative layout in Unity","https://stackoverflow.com/questions/70950544/relative-layout-in-unity","0","4","0"
"70950482","How to send mail stepbystep by Wordpress plugin","https://stackoverflow.com/questions/70950482/how-to-send-mail-step-by-step-by-wordpress-plugin","0","5","0"
"70950481","Trouble sendind form PHP","https://stackoverflow.com/questions/70950481/trouble-sendind-form-php","0","6","0"
"70950479","Coredata Crash PFObjectIDFastHash64","https://stackoverflow.com/questions/70950479/coredata-crash-pfobjectidfasthash64","0","4","0"
"70950477","How can we create a GUI Representation in Angular","https://stackoverflow.com/questions/70950477/how-can-we-create-a-gui-representation-in-angular","0","5","0"
"70950476","Peer to Peer network bandwitth","https://stackoverflow.com/questions/70950476/peer-to-peer-network-bandwitth","0","6","0"
"70950475","How to extract conent between html tag using php","https://stackoverflow.com/questions/70950475/how-to-extract-conent-between-html-tag-using-php","0","3","0"
"70950473","iTunes Transporter error Could not resolve module comappletransporterstarter","https://stackoverflow.com/questions/70950473/itunes-transporter-error-could-not-resolve-module-com-apple-transporter-starte","0","4","1"
"70950471","Using Twig render engine with Express","https://stackoverflow.com/questions/70950471/using-twig-render-engine-with-express","0","5","0"
"70950469","How to upload an mp4 file with Vichuploader bundle with Symfony","https://stackoverflow.com/questions/70950469/how-to-upload-an-mp4-file-with-vichuploader-bundle-with-symfony","0","3","0"
"70950467","Type 'string' is not assignable to type 'number'ts2322","https://stackoverflow.com/questions/70950467/type-string-is-not-assignable-to-type-number-ts2322","-1","7","0"
"70950466","Uncaught TypeError Class extends value <Object> is not a constructor or null  with superagentthrottle","https://stackoverflow.com/questions/70950466/uncaught-typeerror-class-extends-value-object-is-not-a-constructor-or-null","0","5","0"
"70950462","routing vue not found after build why?","https://stackoverflow.com/questions/70950462/routing-vue-not-found-after-build-why","0","5","0"
"70950461","How to merge QuerySets from the same model","https://stackoverflow.com/questions/70950461/how-to-merge-querysets-from-the-same-model","0","5","1"
"70950460","SSIS Foreach Loop Container to read files and load into DB getting crash during execution","https://stackoverflow.com/questions/70950460/ssis-foreach-loop-container-to-read-files-and-load-into-db-getting-crash-during","0","3","0"
"70950455","Firebase ListView Not Ordered In Flutter","https://stackoverflow.com/questions/70950455/firebase-listview-not-ordered-in-flutter","0","6","0"
"70950428","Google Apps Script Create a Spreadsheet in a Specific Location [duplicate]","https://stackoverflow.com/questions/70950428/google-apps-script-create-a-spreadsheet-in-a-specific-location","0","4","0"
"70950427","Function not working as intended when changing fragment  activity","https://stackoverflow.com/questions/70950427/function-not-working-as-intended-when-changing-fragment-activity","0","9","0"
"70950426","How to filter products checkbox with Ajax Laravel?","https://stackoverflow.com/questions/70950426/how-to-filter-products-checkbox-with-ajax-laravel","0","5","0"
"70950424","Downloading Image from URL  from AWS S3 on flutter and saving it to the gallery FLUTTER","https://stackoverflow.com/questions/70950424/downloading-image-from-url-from-aws-s3-on-flutter-and-saving-it-to-the-gallery","0","8","0"
"70950422","Action method overrides for HTTPPost net core","https://stackoverflow.com/questions/70950422/action-method-overrides-for-httppost-net-core","0","10","0"
"70950421","tojson without header and index pandas","https://stackoverflow.com/questions/70950421/to-json-without-header-and-index-pandas","0","17","3"
"70950420","Prometheus cannot scrape from springboot application over HTTPS","https://stackoverflow.com/questions/70950420/prometheus-cannot-scrape-from-spring-boot-application-over-https","0","3","0"
"70950419","Giving Admin Access as Windows Admin to remote users automatically","https://stackoverflow.com/questions/70950419/giving-admin-access-as-windows-admin-to-remote-users-automatically","0","7","0"
"70950418","Scala Spark Dataframe List of json in the column","https://stackoverflow.com/questions/70950418/scala-spark-dataframe-list-of-json-in-the-column","0","4","0"
"70950416","can someone tell me why my js code is not printing the date using the arrow function? [closed]","https://stackoverflow.com/questions/70950416/can-someone-tell-me-why-my-js-code-is-not-printing-the-date-using-the-arrow-func","-3","17","1"
"70950415","How to calculate gaussian bins manually?","https://stackoverflow.com/questions/70950415/how-to-calculate-gaussian-bins-manually","0","7","0"
"70950412","VirtualizedLists should never be nested inside plain ScrollViews with the same orientation because it can break windowing and other functionality","https://stackoverflow.com/questions/70950412/virtualizedlists-should-never-be-nested-inside-plain-scrollviews-with-the-same-o","0","3","0"
"70950406","About IPFSaddAll with  wrapWithDirectory true  is very slow","https://stackoverflow.com/questions/70950406/about-ipfsaddall-with-wrapwithdirectory-true-is-very-slow","0","4","0"
"70950405","Coredata crash dispose object  [NSManagedObjectContext dispose]","https://stackoverflow.com/questions/70950405/coredata-crash-dispose-object-nsmanagedobjectcontext-dispose","0","6","0"
"70950404","RxJS Observable and subscribe method","https://stackoverflow.com/questions/70950404/rxjs-observable-and-subscribe-method","0","8","0"
"70950376","getStaticProps doesn't work when reload the page hosted on vercel","https://stackoverflow.com/questions/70950376/getstaticprops-doesnt-work-when-reload-the-page-hosted-on-vercel","0","9","0"
"70950372","Visualize overlayed baseball pitches in 3D","https://stackoverflow.com/questions/70950372/visualize-overlayed-baseball-pitches-in-3d","0","9","0"
"70950370","facial recognition project Exit code 132 error does anybody know what might be the cause to this?","https://stackoverflow.com/questions/70950370/facial-recognition-project-exit-code-132-error-does-anybody-know-what-might-be","0","14","1"
"70950368","redisclusterstatus command showing node as stopped after enabling authentication","https://stackoverflow.com/questions/70950368/redis-cluster-status-command-showing-node-as-stopped-after-enabling-authenticati","0","5","0"
"70950367","UNITY How can I get all properties from another C class and put them into an enum","https://stackoverflow.com/questions/70950367/unity-how-can-i-get-all-properties-from-another-c-sharp-class-and-put-them-into","0","8","0"
"70950366","Is there a way I can make this easily run in constant time instead of linear time?","https://stackoverflow.com/questions/70950366/is-there-a-way-i-can-make-this-easily-run-in-constant-time-instead-of-linear-tim","0","19","1"
"70950363","how to make buttons extend to full width in mobile view while not end pc using bootstrap?","https://stackoverflow.com/questions/70950363/how-to-make-buttons-extend-to-full-width-in-mobile-view-while-not-end-pc-using-b","0","15","1"
"70950361","CSS Grid not respecting row and column span rules and placing items in random order","https://stackoverflow.com/questions/70950361/css-grid-not-respecting-row-and-column-span-rules-and-placing-items-in-random-or","0","8","0"
"70950360","Why is numpy inverse square root ""x12"" so much slower than ""1npsqrtx""","https://stackoverflow.com/questions/70950360/why-is-numpy-inverse-square-root-x-1-2-so-much-slower-than-1-np-sqrtx","1","25","1"
"70950359","Deploy NodejsVuecli3 web app using Azure DevOps pipeline and Web Service","https://stackoverflow.com/questions/70950359/deploy-node-js-vue-cli-3-web-app-using-azure-devops-pipeline-and-web-service","0","5","0"
"70950358","TableView didSelect and didDeselect issue","https://stackoverflow.com/questions/70950358/tableview-didselect-and-diddeselect-issue","0","8","0"
"70950356","Plesk Lets Encrypt SSL Adding dynamic wildcard SSL certificate","https://stackoverflow.com/questions/70950356/plesk-lets-encrypt-ssl-adding-dynamic-wildcard-ssl-certificate","0","6","0"
"70950355","How to pass image to the Alfresco Update Avatar image api?","https://stackoverflow.com/questions/70950355/how-to-pass-image-to-the-alfresco-update-avatar-image-api","0","3","0"
"70950351","Adding a rewrite rule to the homepage in Wordpress","https://stackoverflow.com/questions/70950351/adding-a-rewrite-rule-to-the-homepage-in-wordpress","0","5","0"
"70950350","ExpressOpenidconnect issues connecting to IssuerURL","https://stackoverflow.com/questions/70950350/express-openid-connect-issues-connecting-to-issuerurl","0","3","0"
"70950403","IIS Workerprocess crashed","https://stackoverflow.com/questions/70950403/iis-workerprocess-crashed","0","8","0"
"70950400","Discordpy auto rolewelcome message","https://stackoverflow.com/questions/70950400/discord-py-auto-role-welcome-message","0","10","1"
"70950399","Returning the nth largest value in postgresql","https://stackoverflow.com/questions/70950399/returning-the-nth-largest-value-in-postgresql","0","6","1"
"70950397","vuex unknown action type 'authSignup'","https://stackoverflow.com/questions/70950397/vuex-unknown-action-type-auth-signup","0","3","0"
"70950396","How to track selected option from Combo Box 1 and show corresponding option on combo box 2 in java","https://stackoverflow.com/questions/70950396/how-to-track-selected-option-from-combo-box-1-and-show-corresponding-option-on-c","0","10","0"
"70950394","How to generate the DDL from an existing Postgres Database? Solved","https://stackoverflow.com/questions/70950394/how-to-generate-the-ddl-from-an-existing-postgres-database-solved","0","5","1"
"70950393","Query Connections finish before executing code","https://stackoverflow.com/questions/70950393/query-connections-finish-before-executing-code","0","7","0"
"70950391","Can someone please help me to post my api data? [duplicate]","https://stackoverflow.com/questions/70950391/can-someone-please-help-me-to-post-my-api-data","-1","6","0"
"70950390","Ignore required form fields if bootstrap 5 accordion is closed","https://stackoverflow.com/questions/70950390/ignore-required-form-fields-if-bootstrap-5-accordion-is-closed","0","11","1"
"70950389","IKEv2 VPN disconnects after 8 minutes on the Monterey macOS","https://stackoverflow.com/questions/70950389/ikev2-vpn-disconnects-after-8-minutes-on-the-monterey-macos","0","5","0"
"70950388","Matrix 0th row 0th column reading ""Dog"" instead of ""Target""","https://stackoverflow.com/questions/70950388/matrix-0th-row-0th-column-reading-dog-instead-of-target","0","16","1"
"70950387","Decorating classes returns function","https://stackoverflow.com/questions/70950387/decorating-classes-returns-function","0","12","0"
"70950384","How can submit a form to an api in laravel?","https://stackoverflow.com/questions/70950384/how-can-submit-a-form-to-an-api-in-laravel","0","6","0"
"70950383","""Error occurred while parsing your function triggers"" Firebase Functions HTTPS OnCall Node","https://stackoverflow.com/questions/70950383/error-occurred-while-parsing-your-function-triggers-firebase-functions-https","0","7","0"
"70950382","What is the location of custom user themes in xcode 125","https://stackoverflow.com/questions/70950382/what-is-the-location-of-custom-user-themes-in-xcode-12-5","0","4","0"
"70950316","Angular proxyconfigjson settings are not working when hosted on server","https://stackoverflow.com/questions/70950316/angular-proxy-config-json-settings-are-not-working-when-hosted-on-server","0","6","0"
"70950315","SQL Query optimisation  cast versus converting in ETL","https://stackoverflow.com/questions/70950315/sql-query-optimisation-cast-versus-converting-in-etl","0","6","0"
"70950312","asyncawait use in ios 12 with react native","https://stackoverflow.com/questions/70950312/async-await-use-in-ios-12-with-react-native","0","6","0"
"70950310","Linux Firefox browser audio not working but my system audio works properly","https://stackoverflow.com/questions/70950310/linux-firefox-browser-audio-not-working-but-my-system-audio-works-properly","0","6","1"
"70950309","Problem consuming Dapper on Oracle with IDBConnection abstraction","https://stackoverflow.com/questions/70950309/problem-consuming-dapper-on-oracle-with-idbconnection-abstraction","0","7","0"
"70950308","images going out of the main area","https://stackoverflow.com/questions/70950308/images-going-out-of-the-main-area","-1","16","0"
"70950306","node error when calling ""yarn start"" in an app created by createreactapp","https://stackoverflow.com/questions/70950306/node-error-when-calling-yarn-start-in-an-app-created-by-create-react-app","0","8","0"
"70950305","AttributeError 'Turtle' object has no attribute 'createmountain'","https://stackoverflow.com/questions/70950305/attributeerror-turtle-object-has-no-attribute-create-mountain","0","15","0"
"70950302","I'm using the maptree library to display my tree model and the tree is upside down Any ideas how I can get it to display correctly?","https://stackoverflow.com/questions/70950302/im-using-the-maptree-library-to-display-my-tree-model-and-the-tree-is-upside-do","0","6","0"
"70950301","How do I use Unity's SteamVR package to make one of the controllers rumble?","https://stackoverflow.com/questions/70950301/how-do-i-use-unitys-steamvr-package-to-make-one-of-the-controllers-rumble","0","3","0"
"70950300","How to add specific values from a table to a list","https://stackoverflow.com/questions/70950300/how-to-add-specific-values-from-a-table-to-a-list","0","13","1"
"70950298","How does it work when there is no argument in the function of sort? [duplicate]","https://stackoverflow.com/questions/70950298/how-does-it-work-when-there-is-no-argument-in-the-function-of-sort","-1","12","0"
"70950295","Admissible heuristic with wrap around","https://stackoverflow.com/questions/70950295/admissible-heuristic-with-wrap-around","0","7","0"
"70950289","Python passing one variable to two functions at the same time","https://stackoverflow.com/questions/70950289/python-passing-one-variable-to-two-functions-at-the-same-time","0","29","0"
"70950288","I need to find a function so that the time complexity is θfn and θgn","https://stackoverflow.com/questions/70950288/i-need-to-find-a-function-so-that-the-time-complexity-is-%ce%b8fn-and-%ce%b8gn","-2","10","0"
"70950349","Is there a better way to write my c++ code? [closed]","https://stackoverflow.com/questions/70950349/is-there-a-better-way-to-write-my-c-code","-1","32","0"
"70950347","What is the best way to iterate over an array in react?","https://stackoverflow.com/questions/70950347/what-is-the-best-way-to-iterate-over-an-array-in-react","0","32","0"
"70950346","How to use Sweetalert in mainjs Vue 3","https://stackoverflow.com/questions/70950346/how-to-use-sweetalert-in-main-js-vue-3","0","4","0"
"70950345","How to visualizeconnect vectors matrices and representations in Python and numpy arrays?","https://stackoverflow.com/questions/70950345/how-to-visualize-connect-vectors-matrices-and-representations-in-python-and-num","0","11","0"
"70950343","Changing fill color of SVG on scroll","https://stackoverflow.com/questions/70950343/changing-fill-color-of-svg-on-scroll","-1","18","1"
"70950342","How can I create a week group column in my Date Dimension based on this specific logic?","https://stackoverflow.com/questions/70950342/how-can-i-create-a-week-group-column-in-my-date-dimension-based-on-this-specific","0","14","0"
"70950337","how do I add a Maven dependency on another existing project in Eclipse","https://stackoverflow.com/questions/70950337/how-do-i-add-a-maven-dependency-on-another-existing-project-in-eclipse","0","6","0"
"70950331","How to set user type in a customuser model when a new user registers","https://stackoverflow.com/questions/70950331/how-to-set-user-type-in-a-customuser-model-when-a-new-user-registers","0","8","0"
"70950330","Need suggestions in determining an algorithm preferably in Python","https://stackoverflow.com/questions/70950330/need-suggestions-in-determining-an-algorithm-preferably-in-python","0","11","0"
"70950328","Support Vector Machine on different Datasets","https://stackoverflow.com/questions/70950328/support-vector-machine-on-different-datasets","0","4","0"
"70950325","Python  How to sort textfile by odd and even number at third element or fourth element and produce output textfiles of odd or even numbered entries","https://stackoverflow.com/questions/70950325/python-how-to-sort-textfile-by-odd-and-even-number-at-third-element-or-fourth","0","6","0"
"70950324","typescript  react Property 'imageUrl' does not exist on type 'IStarView[]'","https://stackoverflow.com/questions/70950324/typescript-react-property-imageurl-does-not-exist-on-type-istarview","0","5","0"
"70950323","How to use Drive Api and Sheets Api together in Javascript","https://stackoverflow.com/questions/70950323/how-to-use-drive-api-and-sheets-api-together-in-javascript","0","7","0"
"70950318","log binomial model PROC GENMOD translation to PROC NLMIXED fails","https://stackoverflow.com/questions/70950318/log-binomial-model-proc-genmod-translation-to-proc-nlmixed-fails","0","5","0"
"70950317","How to get multiple colors in a cell","https://stackoverflow.com/questions/70950317/how-to-get-multiple-colors-in-a-cell","0","3","0"